{
  "POST /api/analytics/recruiter/dashboard" : {
    "transaction" : "POST /api/analytics/recruiter/dashboard",
    "sampleCount" : 1487,
    "errorCount" : 0,
    "errorPct" : 0.0,
    "meanResTime" : 22.445864156018832,
    "medianResTime" : 20.0,
    "minResTime" : 13.0,
    "maxResTime" : 153.0,
    "pct1ResTime" : 31.0,
    "pct2ResTime" : 37.0,
    "pct3ResTime" : 58.719999999999345,
    "throughput" : 25.312361692710994,
    "receivedKBytesPerSec" : 11.840450440242739,
    "sentKBytesPerSec" : 11.07415824056106
  },
  "POST /api/jobs/byRecruiter" : {
    "transaction" : "POST /api/jobs/byRecruiter",
    "sampleCount" : 1491,
    "errorCount" : 0,
    "errorPct" : 0.0,
    "meanResTime" : 107.22602280348754,
    "medianResTime" : 96.0,
    "minResTime" : 33.0,
    "maxResTime" : 3505.0,
    "pct1ResTime" : 150.0,
    "pct2ResTime" : 175.79999999999973,
    "pct3ResTime" : 244.0,
    "throughput" : 25.11115602263541,
    "receivedKBytesPerSec" : 396.11377268909155,
    "sentKBytesPerSec" : 10.838995080082862
  },
  "Total" : {
    "transaction" : "Total",
    "sampleCount" : 5963,
    "errorCount" : 0,
    "errorPct" : 0.0,
    "meanResTime" : 46.62284085192013,
    "medianResTime" : 24.0,
    "minResTime" : 10.0,
    "maxResTime" : 3505.0,
    "pct1ResTime" : 104.0,
    "pct2ResTime" : 128.0,
    "pct3ResTime" : 194.4399999999987,
    "throughput" : 99.44631600013341,
    "receivedKBytesPerSec" : 953.2125391654297,
    "sentKBytesPerSec" : 36.788712929647104
  },
  "POST /api/recruiters/login" : {
    "transaction" : "POST /api/recruiters/login",
    "sampleCount" : 5,
    "errorCount" : 0,
    "errorPct" : 0.0,
    "meanResTime" : 990.2,
    "medianResTime" : 349.0,
    "minResTime" : 310.0,
    "maxResTime" : 3479.0,
    "pct1ResTime" : 3479.0,
    "pct2ResTime" : 3479.0,
    "pct3ResTime" : 3479.0,
    "throughput" : 0.43798177995795373,
    "receivedKBytesPerSec" : 0.21899088997897687,
    "sentKBytesPerSec" : 0.12189922586720392
  },
  "POST /api/jobs/search" : {
    "transaction" : "POST /api/jobs/search",
    "sampleCount" : 1488,
    "errorCount" : 0,
    "errorPct" : 0.0,
    "meanResTime" : 33.38978494623658,
    "medianResTime" : 25.5,
    "minResTime" : 15.0,
    "maxResTime" : 3384.0,
    "pct1ResTime" : 48.0,
    "pct2ResTime" : 59.0,
    "pct3ResTime" : 100.1099999999999,
    "throughput" : 25.089787040315645,
    "receivedKBytesPerSec" : 550.1127705993812,
    "sentKBytesPerSec" : 10.707262633415954
  },
  "GET /api/health" : {
    "transaction" : "GET /api/health",
    "sampleCount" : 1492,
    "errorCount" : 0,
    "errorPct" : 0.0,
    "meanResTime" : 20.191689008042868,
    "medianResTime" : 16.0,
    "minResTime" : 10.0,
    "maxResTime" : 3358.0,
    "pct1ResTime" : 26.0,
    "pct2ResTime" : 32.0,
    "pct3ResTime" : 48.0,
    "throughput" : 24.882425536172907,
    "receivedKBytesPerSec" : 5.224337392848804,
    "sentKBytesPerSec" : 4.592557056969413
  }
}